CODE,الشـــــــــــــــــــركة,الايميل,
412,ALALMASS FOR MINERALLZATION,dr.abdalsalam@yahoo.com,1
413,Sudasam Mining for copper and Lead CO.Ltd,elsallawi@sudasam.com,
414,ولاية القضارف,urbangadarf@hotmail.com,
415,ALNHDA MINING CO.LTD,profyounis@hotmail.com,
416,السودانية الأسترالية للتجارة والإستثمار المحدودة (SATICO),watersatico@yahoo.com,
417,حكومة ولاية كسلا,amer_oh2000@yahoo.com,
418,KAMBAL INTERNATIONAL CO.,nazarabdo500@gmail.com,1
419,MALDEIF MINING CO.LTD,MALDEIFINOFMINING@Gmail.com,1
420,أعمال التعدين المتقدمة المحدودة (أوهاف للتعدين المحدودة إسم الانتاج),admico2@hotmail.com,1
421,السودانية للتقانة  (SMT),admico2@hotmail.com,1
422,QMSD MINING CO.LTD,halathbah@qatarmining.com,1
423,لازوتين للتعدين المحدودة,geonatural_sd@yahoo.com,1
424,Millennium Mining Co.Ltd,millenniummining@gmail.com,1
425,EL Rand for Advance Business Company.Ltd,alrandb16@gmail.com,1
426,ZAT EL EMAT Industry CO.LTD,hrmza2019@outlook.com,1
427,ولاية البحر الأحمر (الرضا للتعدين),alreadamining1982@gmai.com,1
428,ايربوس للهندسة والتجارة المحدودة,nibrastranss@gmail.com,
429,كهرمان للأنشطة المتعددة و الإستثمار المحدودة,delmon@hotmail.com,
430,ASPIRE NATURAL RESOURCES CO.LTD,asr@asrconglomerate.com,1
431,مياس ساند المعدنية المحدودة,en.geologist@gmail.com,1
432,KUSH FOR EXPLORATION & PRODUCTION CO.LTD,samir.zhetpisov@alliance-kush.com,1
433,HUSSIEN MADAWI BARAKA & SONS COMPANY LIMITED,info@hmbaraka.com,1
434,بيوضة الكبرى للإستثمار  والتنمية,bayuda.26b@outlook.com,1
435,SOFT JATHASU FOR INVESTMENT CO.LTD,Softjathasugeneraltrading@gmail.com,1
436,MANAHOLDING CO.LTD,limw@norinmining.com,1
437,حكومة ولاية نهر النيل و  أركيديا للموارد الأفريقية المحدودة,Emadzey@icloud.com,1
438,نجيم قولد للتعدين المحدودة,limw@ norinmining.com,1
439,FINE GOLD TRADING COMPANY LIMITED,finegoldmining.com,
440,بركان للصناعات المعدنية المحدودة,Mo.sallawi@gmail.com,1
441,ولاية شمال كردفان,sudan.gov.sd,
442,جهينة للتجارة والاستثمار المحدودة,ifo@guhaina-miningcom,1
443,DONGALA-ARGEEN HIGH WAY FOR INVESTMENT COMPANY LIMITED,dongolaargeenh@hotmail.com,1
444,الهاجري للأعمال المتقدمة المحدودة,alhajry@mining.com,
445,الولاية الشمالية,it@alshamaliastate.org.sd,
446,مشروع جبل عامر(الجنيد للأنشطة المتعددة سابقاً),smrc,
447,نبتة للجيولوجيا و التعدين المحدودة,ragab.elbanna@ascom.com,
448,آيات لخدمات حقول البترول المحدودة,Web site: eyatoil.com,
449,عبد الوهاب السيسي للتعدين المحدودة,dr.alsisi@hotmail.com,
450,الحضارات القديمة للاستثمار المحدودة,ancientcivilil@mining.com,
451,T.W.N.   للتعدين المحدودة,abdosaudi@yahoo.com,
452,سر الختم أحمد طه و أولاده العالمية للإستثمار,Info.satsmining@gmail.com,1
453,ولاية الجزيرة,sudan.gov.sd,
454,ولاية الخرطوم,sudan.gov.sd,
455,ولاية النيل الأزرق,sudan.gov.sd,
456,ولاية غرب دارفور,sudan.gov.sd,
457,ولاية جنوب دارفور,sudan.gov.sd,
458,OAM   للتعدين المحدودة,vishnuoswal@gmail.com,
459,بي بي هيدروليك المحدودة (بي بي للتعدين),bb.hydraulic2012 @gmail.com,
460,ولاية غرب كردفان,sudan.gov.sd,
461,ولاية غرب كردفان,sudan.gov.sd,
462,QMSD MINING CO.LTD,halathbah@qatarmining.com,1
463,ولاية النيل الأزرق,sudan.gov.sd,
464,النحلة للبترول المحدودة,info@beegroub.net,
465,المتحدة للتعدين المحدودة (يو إم سي),Awdkabal@gmail.com,1
466,ولاية البحر الاحمر,motabaa2020@yahoo.com,
467,لازوتين للتعدين,geonatural_sd@yahoo.com,1
468,البجراوية للتعدين,albagrawiya@Yahoo .ca,
469,ديزل للتعدين,diesel@minig.com,
470,ولاية جنوب كردفان,omersidAhmed72@gmail.com,1
471,نيلان العالمية المحدودة,Neilaninter@gmail.com,
472,مناجم العالمية للتعدين المحدودة(مانوب),G.mohamed@managemgroup.com,1
473,الارض العالمية للحلول المتكاملة  المحدودة,alard60@gmail.com,
474,النواتي للتعدين (النواتي لتعدين الذهب والنحاس),alnawati@hotmail .com,
475,مهوقني للاستثمار المحدودة,mahogany@goldenarrowsudan.com,1
476,BRINSLEY ENTERPRISES LTD,Sally.abdullah@orshab.com,1
477,OKO MINING INVESTMENTS CO.LTD,Ahmed.faisal@dlalgroup.com,1
478,بولي بيوضة لتعدين الذهب ( حجاجية),polybayudagoldmining@gmail.com,1
479,تاهي العالمية للتعدين (دلقو للتعدين),Saif.elnour@delgomining.com,1
480,أرياب للتعدين,www.Ariammining.com,2
481,تيانجين هواكان,sudanhuakan@gmail.com,
482,زيتونة للتعدين,abualnoor41727@gmail.com,
483,نحمدو  للتعدين,nahmido214@gmail.com,
484,الوادي الأصفر للتجارة و الإستثمار المحدودة,fox109@outlook.com,
485,أم القرى للتعدين,umalguraamining@gmil.com,1
486,دانفوديو لخدمات البترول المحدودة,dps@danfodio.sd,1
487,اي آد تيكنولوجي المحدودة,e-ado3@hotmail.com,
488,مياس نوب للأنشطة المتعددة (بان سودان ريسورسز-شركة الإنتاج),Aliosmanalbadri@gmail.com,1
489,السنط للتعدين المحدودة,omran2911@gmail.com,1
490,الحامدين للتعدين,saadalhmdeen@gmail.com,
491,نارس للأنشطة المتعددة المحدودة,Mohmed_seed56@hotmail.com,
492,الدوحة للإستثمار المحدودة,mohamedgeology@hotmail.com,1
493,النحلة للتنمية والإسكان المحدودة,info@beegroub.net,
494,كمبال العالمية المحدودة,nazarabdo500@gmail.com,1
495,لوسيل للتعدين المحدودة,Lusaimining@gmail.com,1
496,أوبال كواريز,info@opalquarries.com,
497,بلوتو للأنشطة المتعددة المحدودة (بلوتو للتعدين- إسم عمل),pluto@mining.com,1
498,أعمال أنفاس للتعدين,anfas@mining.com,1
499,ALGUNADE FOR MULTI ACTIVITIES CO.LTD,,
500,سودامين المحدودة,www.sudamin.com,
501,الدغيثر للإستثمار والتعدين المحدودة,aldegatherminingٍ@gmail.com,1
502,هجو للمقاولات (الدالي والمزموم لاعمال التربة والمقاولات),sabil86@hotmail.com,1
503,ود الجمالي للانشطة المتعددة,www.Wdalgamalymining.com,
504,سانجوب للتعدين,info.sanjoub@albarajoub.com,
505,البدري للطاقة المحدودة,info@albadripower.com,1
506,الغالي للتعدين المحدودة,alghali@mining.com,
507,DESERT MINERALS CO LTD,gm@desert-minerals.com,
508,CONCORP MINING CO.LTD,info@concorp.net,
509,MTA COMPANY.LTD,Yunus.badam@mtaic.gov.tr,1
510,MTA COMPANY.LTD,Yunus.badam@mtaic.gov.tr,1
511,DAL Mining Investment Company LTD,mohd.seddeg@dalgroup.com,1
512,لايزون للتعدين وخدمات التعدين,info@lizon.net,
513,KHADAMAAT ALTADEEN FOR INTEGRATED SOLUTIONS CO.LTD,,
514,KHADAMAAT ALTADEEN FOR INTEGRATED SOLUTIONS CO.LTD,,
515,KHADAMAAT ALTADEEN FOR INTEGRATED SOLUTIONS CO.LTD,,
516,SHUN XIANG ALALAMEYA TRADING AND INVESTMENT CO.LTD,azza@shunshiangmining.com,
517,AL SHATI COMPANY FOR MINING LIMITED,simhar-co@hotmail.com,
518,YAMANI FOR DEVELOPMENT CO.LTD,salah.hm@hotmail.com,
519,HADEEL For DEVELOPED POROJECT CO.LTD,hadeelcompany2021@gmail.com,
520,WANBAO SAHARA MINING CO.LTD,limw@wbmining.com,
521,WANBAO SAHARA MINING CO.LTD,limw@wbmining.com,
522,WANBAO SAHARA MINING CO.LTD,limw@wbmining.com,
523,WANBAO SAHARA MINING CO.LTD,limw@wbmining.com,
524,WANBAO SAHARA MINING CO.LTD,limw@wbmining.com,
525,WANBAO SAHARA MINING CO.LTD,limw@wbmining.com,
526,KALDOFAN FOR MINING CO.LTD,Info@kaldofan.com,1
527,FREEDOM COMPANY LIMITED,malnor@kmmining.com,
528,SHANDONG WEIHAI FOUNDATION ENGINEERING CO.LTD,sdpisgw@163.com,
529,SUDAMATIC TRADING CO.LTD,www.sudamatic.com,
530,ALMGFOLA FOR MINING,www.almgfola@gmail.com,
531,SUDAMIN COMPANY LIMITED,www.sudamin.com,
532,ALGENAID MULTI ACTIVITIES CO.LTD,,
533,ALGENAID MULTI ACTIVITIES CO.LTD,,
534,ARIAB MINING CO.LTD,www.Ariammining.com,
535,ARIAB MINING CO.LTD,www.Ariammining.com,
536,ARIAB MINING CO.LTD,www.Ariammining.com,
537,ARIAB MINING CO.LTD,www.Ariammining.com,
538,MUZUN FOR MINING CO.LTD,Ahmed.yousif.a@hotmail.com,1
539,LBTY STEEL CO.LTD SUDAN,libtysteel.com,
540,ALMIZAN FOR PETROLEUM SERVICES AND MINING CO.LTD,ESMEG0123@gmail.com,
541,INTERNET TRADING & TRANSPORT INTERNATIONAL CO.LTD,wagdi@ico.com,
542,JWEELS FOR MINING,wailaa55@gmail.com,
543,MAGDACO FOR MINING,Magdaco123@hotmail.com,1
544,A D G MINING CO.LTD,adg@mining.com,
545,KHALID ALFAKI AHMED RAHMA MINING ENTERPRISES,khalid_shendi@yahoo.com,
546,KHALDOFAN FOR MINING CO.LTD,malnor@kmmining.com,
547,DESERT MINERALS CO.LTD,gm@desert-minerals.com,
548,PAN AFRICAN RESOURCES MINERALS CO.LTD,info@pan.co.za,1
549,PAN AFRICAN RESOURCES MINERALS CO.LTD,info@pan.co.za,1
550,PAN AFRICAN RESOURCES MINERALS CO.LTD,info@pan.co.za,1
551,PAN AFRICAN RESOURCES MINERALS CO.LTD,info@pan.co.za,1
552,PAN AFRICAN RESOURCES MINERALS CO.LTD,info@pan.co.za,1
553,SUDABO TRADING AND INVESTMENT CO.LTD,karoomkaroom@yahoo.com,1
554,CREEPER INTEGRATED SOLUTIONS,alaml1904.mss@gmail.com,1
555,CHINA HAINA BAICHUAN INTERNATIONAL INVESTMENT CO.LTD,Wangfangazz@gmail.com,1
556,OSTORIA FOR ADVANCED BUSINESS CO.LTD,info@ostorian.com,
557,ELMUBARK ELTAYEB MINING,am_talsam@yahoo.com,1
558,ALTAGEER INVESTMENT CO.LTD,wdalrady@gmail.com,
559,DENMEAD PETROLEUM L.L.C,denamead@petroluem.com,
560,WD ALGAMALY MULTI ACTIVITIES CO.LTD,www.Wdalgamalymining.com,
561,MUSLIH NASSAR INTERNATIONAL FOR MINING & SERVICES,mnsar@mining.com,
562,ALNASEER INTERNATIONAL CO.LTD,wdalrady@gmail.com,
563,ALNASEER INTERNATIONAL CO.LTD,wdalrady@gmail.com,
564,OPAL MINING CO.LTD,www.shakikqconsulant.com,
565,ORC MULTI PURPOSE CO.LTD,saddigamara12@gmail.com,
566,DAL MINING INVESTMENT CO.LTD,mohd.seddeg@dalgroup.com,1
567,DAL MINING INVESTMENT CO.LTD,mohd.seddeg@dalgroup.com,1
568,JOINT STOCK COMPANY ZARUBEZHGEOLOGIA,,
569,ALTALE MINING & INVESTMENT CO.LTD,,
570,KALDOFAN FOR MINING CO.LTD,Info@kaldofan.com,1
571,PETRONEEDS SERVICES INTERNATIONAL CO.LTD,,
,,,
,,   ,
